{
  "rmse": 4.7244769363875815e-06,
  "mae": 0.01594113224700971,
  "directional_accuracy": 0.7093399750933997
}